{
    "5": {
        "sensitivity_mean": 95.96666666666665,
        "sensitivity_std_dev": 1.6911534525287777,
        "specificity_mean": 98.84401114206128,
        "specificity_std_dev": 0.29907084511719667,
        "far_mean": 1.1559888579387188,
        "far_std_dev": 0.29907084511719567,
        "mdr_mean": 4.033333333333334,
        "mdr_std_dev": 1.6911534525287764,
        "accuracy_mean": 98.6819376642884,
        "accuracy_std_dev": 0.21064089995241211
    },
    "10": {
        "sensitivity_mean": 88.00000000000001,
        "sensitivity_std_dev": 8.381858717227077,
        "specificity_mean": 98.15957023477914,
        "specificity_std_dev": 2.883680421439154,
        "far_mean": 1.8404297652208517,
        "far_std_dev": 2.8836804214391556,
        "mdr_mean": 12.000000000000002,
        "mdr_std_dev": 8.381858717227079,
        "accuracy_mean": 97.58730754787834,
        "accuracy_std_dev": 2.393110243896688
    },
    "20": {
        "sensitivity_mean": 76.2,
        "sensitivity_std_dev": 5.4184868736576295,
        "specificity_mean": 97.51691205730204,
        "specificity_std_dev": 2.5845794324534777,
        "far_mean": 2.4830879426979706,
        "far_std_dev": 2.5845794324534763,
        "mdr_mean": 23.799999999999997,
        "mdr_std_dev": 5.418486873657627,
        "accuracy_mean": 96.31618475403681,
        "accuracy_std_dev": 2.1805231546138804
    },
    "50": {
        "sensitivity_mean": 65.73333333333333,
        "sensitivity_std_dev": 12.235013508597184,
        "specificity_mean": 92.60644647831278,
        "specificity_std_dev": 10.458093171129047,
        "far_mean": 7.393553521687227,
        "far_std_dev": 10.458093171129047,
        "mdr_mean": 34.266666666666666,
        "mdr_std_dev": 12.235013508597183,
        "accuracy_mean": 91.09275253473527,
        "accuracy_std_dev": 9.403294563864522
    },
    "100": {
        "sensitivity_mean": 59.4,
        "sensitivity_std_dev": 9.645148463807537,
        "specificity_mean": 92.61440509351374,
        "specificity_std_dev": 8.837446876978028,
        "far_mean": 7.385594906486273,
        "far_std_dev": 8.837446876978024,
        "mdr_mean": 40.6,
        "mdr_std_dev": 9.645148463807537,
        "accuracy_mean": 90.74352234322193,
        "accuracy_std_dev": 7.890347943442115
    },
    "200": {
        "sensitivity_mean": 70.5,
        "sensitivity_std_dev": 30.79520164643259,
        "specificity_mean": 78.7067250298448,
        "specificity_std_dev": 25.366991697879264,
        "far_mean": 21.293274970155192,
        "far_std_dev": 25.366991697879264,
        "mdr_mean": 29.500000000000004,
        "mdr_std_dev": 30.79520164643259,
        "accuracy_mean": 78.24446113405934,
        "accuracy_std_dev": 22.644052701702055
    },
    "300": {
        "sensitivity_mean": 92.4,
        "sensitivity_std_dev": 6.7409198185410855,
        "specificity_mean": 88.95742140867489,
        "specificity_std_dev": 18.909911932820965,
        "far_mean": 11.04257859132511,
        "far_std_dev": 18.909911932820965,
        "mdr_mean": 7.6,
        "mdr_std_dev": 6.740919818541088,
        "accuracy_mean": 89.1513330829891,
        "accuracy_std_dev": 17.629870653869517
    },
    "500": {
        "sensitivity_mean": 99.0,
        "sensitivity_std_dev": 1.0954451150103317,
        "specificity_mean": 79.79307600477516,
        "specificity_std_dev": 24.07162189925815,
        "far_mean": 20.20692399522483,
        "far_std_dev": 24.071621899258155,
        "mdr_mean": 1.0,
        "mdr_std_dev": 1.0954451150103324,
        "accuracy_mean": 80.87495306045813,
        "accuracy_std_dev": 22.67066740346738
    },
    "1000": {
        "sensitivity_mean": 97.7,
        "sensitivity_std_dev": 3.498253532518445,
        "specificity_mean": 89.44289693593316,
        "specificity_std_dev": 18.941833764065528,
        "far_mean": 10.557103064066853,
        "far_std_dev": 18.941833764065528,
        "mdr_mean": 2.3,
        "mdr_std_dev": 3.4982535325184445,
        "accuracy_mean": 89.90799849793467,
        "accuracy_std_dev": 17.810732245767404
    },
    "2000": {
        "sensitivity_mean": 99.69999999999999,
        "sensitivity_std_dev": 0.43969686527576535,
        "specificity_mean": 89.24791086350974,
        "specificity_std_dev": 13.99589350151099,
        "far_mean": 10.75208913649025,
        "far_std_dev": 13.99589350151099,
        "mdr_mean": 0.3,
        "mdr_std_dev": 0.43969686527576396,
        "accuracy_mean": 89.83665039429216,
        "accuracy_std_dev": 13.196611351728812
    },
    "5000": {
        "sensitivity_mean": 97.23333333333332,
        "sensitivity_std_dev": 5.119244735961219,
        "specificity_mean": 97.30202944687625,
        "specificity_std_dev": 3.4261780668465738,
        "far_mean": 2.6979705531237563,
        "far_std_dev": 3.4261780668465724,
        "mdr_mean": 2.7666666666666666,
        "mdr_std_dev": 5.11924473596122,
        "accuracy_mean": 97.2981599699587,
        "accuracy_std_dev": 3.1464952679594003
    }
}